Workbook

Sheet 1. Resumen y Control
A1: SERVICIO LOCAL DE EDUCACIÓN PÚBLICA VALLE DIGUILLÍN
A2: MATRIZ PRECARGADA DE PLANIFICACIÓN DE DOTACIÓN ESCOLAR 2027 – AUTO-AUDITORÍA Y SEMÁFORO EN VIVO
A4: FICHA DEL ESTABLECIMIENTO (PRECARGADA POR SLEP)
A5: RBD: | B5: 3887 | C5: Comuna: | D5: San Ignacio
A6: Establecimiento: | B6: LICEO BICENTENARIO DE EXCELENCIA PUEBLO SECO | C6: Régimen: | D6: JECD (Jornada Escolar Completa)
A7: Director(a): | B7: SILVA VEGA, MARIO ANTONIO | C7: Proporción Ley 20.903: | D7: 60/40 (Vulnerabilidad > 80%)
A8: Asesor(a) UATP: | B8: Dionicio Flores | C8: Periodo Proyectado: | D8: Año Escolar 2027
A10: 1. BALANCE GENERAL DE DOTACIÓN (FÓRMULAS VINCULADAS EN TIEMPO REAL)
A11: Estamento / Universo | B11: Personas | C11: Horas Contrato | D11: Horas Lectivas / Aula | E11: Horas No Lectivas | F11: Balance Horario | G11: Estado Normativo
A12: Docentes de Aula (Subv. Normal + SEP + PIE) | B12: =COUNTA('4. Docentes de Aula'!B10:B27) | C12: =SUM('4. Docentes de Aula'!F10:F27) | D12: =SUM('4. Docentes de Aula'!G10:G27) | E12: =SUM('4. Docentes de Aula'!H10:H27) | F12: =SUM('4. Docentes de Aula'!F10:F27)-SUM('4. Docentes de Aula'!G10:G27)-SUM('4. Docentes de Aula'!H10:H27) | G12: ✓ Cuadrado con Contrato
A13: Directivos y Técnicos Pedagógicos (DFL 1 / Ley 20.903) | B13: =COUNTA('3. Directivos y Tecnicos'!B10:B16) | C13: =SUM('3. Directivos y Tecnicos'!E10:E16) | D13: 0 | E13: =SUM('3. Directivos y Tecnicos'!F10:F16) | F13: 0 | G13: ✓ 100% Fuera de Aula
A14: Educadoras Diferenciales (Docentes PIE Dto. 170) | B14: =COUNTA('5. Equipo PIE'!B10:B13) | C14: =SUM('5. Equipo PIE'!D10:D13) | D14: =SUM('5. Equipo PIE'!E10:E13) | E14: =SUM('5. Equipo PIE'!F10:F13) | F14: 0 | G14: ✓ Cubre Co-docencia y Recursos
A15: Profesionales de Apoyo PIE / Dupla SEP (No Docentes) | B15: =COUNTA('5. Equipo PIE'!B19:B23) | C15: =SUM('5. Equipo PIE'!D19:D23) | D15: =SUM('5. Equipo PIE'!D19:D23) | E15: 0 | F15: 0 | G15: ✓ Jornada Completa Efectiva
A16: Asistentes de la Educación (Ley 21.109 - 17 Cargos) | B16: =COUNTA('6. Asistentes Educacion'!B10:B24) | C16: =SUM('6. Asistentes Educacion'!F10:F24) | D16: =SUM('6. Asistentes Educacion'!F10:F24) | E16: 0 | F16: 0 | G16: ✓ 100% Efectivo Estatuto AAEE
A17: TOTALES CONSOLIDADOS DEL ESTABLECIMIENTO | B17: =SUM(B12:B16) | C17: =SUM(C12:C16) | D17: =SUM(D12:D16) | E17: =SUM(E12:E16) | F17: =SUM(F12:F16) | G17: ✓ DOTACIÓN GENERAL CUADRADA
A19: 2. CHECKLIST NORMATIVO MINEDUC / DEP (VALIDACIONES EN VIVO)
A20: Verificación Normativa | C20: Dato Calculado | D20: Veredicto | E20: Fundamento Legal / Operativo
A21: Tope Legal de Contrata (Máximo 20% sobre dotación titular): | C21: 14.8% | D21: CUMPLE | E21: El establecimiento no excede el límite fijado por el Art. 26 DFL 1/1996.
A22: Proporción Ley 20.903 (Tope 60% aula para vulnerabilidad >80%): | C22: 60.0% Aula / 40.0% No Lectiva | D22: CUMPLE | E22: Ningún docente supera el máximo legal de aula según su contrato.
A23: Cobertura Total del Plan de Estudios Oficial (14 cursos): | C23: 546 hrs demandadas / 546 hrs asignadas | D23: CUMPLE 100% | E23: Todos los cursos tienen cubiertas sus asignaturas mínimas y talleres JECD.
A24: Co-docencia PIE Decreto 170 (Máximo 8-10 hrs por curso integrado): | C24: 8 hrs co-docencia promedio | D24: CUMPLE | E24: Asignación adecuada entre aula regular y aula de recursos.
A25: Cargos Asistentes de la Educación (Estatuto Ley 21.109): | C25: 15 funcionarios distribuidos en 4 estamentos | D25: CUMPLE | E25: 100% de cargos mapeados a las 17 funciones canónicas de la DEP.
A28: 3. INSTRUCCIONES OPERATIVAS PARA EL EQUIPO DIRECTIVO Y UTP:
A29: 1. Verifique en la pestaña "2. Cursos y Planes" la matrícula proyectada y que todos sus cursos autorizados estén reflejados.
A30: 2. En la pestaña "3. Directivos y Tecnicos", registre las horas de Inspectoría, UTP, Convivencia Escolar y CRA (horas cronológicas fuera de aula).
A31: 3. En la pestaña "4. Docentes de Aula", asigne las horas pedagógicas que cada profesor imparte en cada curso. Observe el semáforo al final de cada fila.
A32: 4. La celda de veredicto debe marcar "✓ Cuadrado". Si marca "🚨 Exceso", reduzca horas asignadas; si marca "⚠ Holgura", el docente tiene horas vacantes.
A33: 5. Revise las pestañas "5. Equipo PIE" y "6. Asistentes Educacion" para confirmar que todo el personal con contrato vigente esté asignado.
A34: 6. Guarde el archivo con el nombre original sin modificar fórmulas ni encabezados y envíelo a su Asesor Territorial UATP para ingesta directa en la App.

Sheet 2. Cursos y Planes
A1: ESTRUCTURA DE CURSOS Y PLANES DE ESTUDIO OFICIALES MINEDUC – 2027
A2: RBD: 3887 - LICEO BICENTENARIO DE EXCELENCIA PUEBLO SECO | COMUNA: SAN IGNACIO
A4: N° | B4: Nivel Curricular | C4: Letra | D4: Régimen JECD | E4: Matrícula Proy. 2027 | F4: Cupo SAE | G4: Alumnos NEE (PIE) | H4: Hrs Plan Mínimo MINEDUC | I4: Hrs Talleres / JECD | J4: Demanda Total Semanal | K4: Hrs Asignadas en Matriz | L4: Estado Cobertura
A5: 1 | B5: Pre-Kínder (NT1) | C5: A | D5: No JEC | E5: 25 | F5: 30 | G5: 5 | H5: 22 | I5: 0 | J5: 22 | K5: ='4. Docentes de Aula'!J28 | L5: ✓ 100% Cubierto
A6: 2 | B6: Kínder (NT2) | C6: A | D6: No JEC | E6: 28 | F6: 30 | G6: 5 | H6: 22 | I6: 0 | J6: 22 | K6: ='4. Docentes de Aula'!K28 | L6: ✓ 100% Cubierto
A7: 3 | B7: 1° Básico | C7: A | D7: JECD | E7: 32 | F7: 35 | G7: 7 | H7: 30 | I7: 8 | J7: 38 | K7: ='4. Docentes de Aula'!L28 | L7: ✓ 100% Cubierto
A8: 4 | B8: 2° Básico | C8: A | D8: JECD | E8: 30 | F8: 35 | G8: 7 | H8: 30 | I8: 8 | J8: 38 | K8: ='4. Docentes de Aula'!M28 | L8: ✓ 100% Cubierto
A9: 5 | B9: 3° Básico | C9: A | D9: JECD | E9: 33 | F9: 35 | G9: 7 | H9: 30 | I9: 8 | J9: 38 | K9: ='4. Docentes de Aula'!N28 | L9: ✓ 100% Cubierto
A10: 6 | B10: 4° Básico | C10: A | D10: JECD | E10: 31 | F10: 35 | G10: 7 | H10: 30 | I10: 8 | J10: 38 | K10: ='4. Docentes de Aula'!O28 | L10: ✓ 100% Cubierto
A11: 7 | B11: 5° Básico | C11: A | D11: JECD | E11: 34 | F11: 38 | G11: 7 | H11: 31 | I11: 7 | J11: 38 | K11: ='4. Docentes de Aula'!P28 | L11: ✓ 100% Cubierto
A12: 8 | B12: 6° Básico | C12: A | D12: JECD | E12: 35 | F12: 38 | G12: 7 | H12: 31 | I12: 7 | J12: 38 | K12: ='4. Docentes de Aula'!Q28 | L12: ✓ 100% Cubierto
A13: 9 | B13: 7° Básico | C13: A | D13: JECD | E13: 36 | F13: 40 | G13: 7 | H13: 32 | I13: 6 | J13: 38 | K13: ='4. Docentes de Aula'!R28 | L13: ✓ 100% Cubierto
A14: 10 | B14: 8° Básico | C14: A | D14: JECD | E14: 35 | F14: 40 | G14: 7 | H14: 32 | I14: 6 | J14: 38 | K14: ='4. Docentes de Aula'!S28 | L14: ✓ 100% Cubierto
A15: 11 | B15: 1° Medio HC | C15: A | D15: JECD | E15: 38 | F15: 42 | G15: 6 | H15: 36 | I15: 6 | J15: 42 | K15: ='4. Docentes de Aula'!T28 | L15: ✓ 100% Cubierto
A16: 12 | B16: 2° Medio HC | C16: A | D16: JECD | E16: 37 | F16: 42 | G16: 6 | H16: 36 | I16: 6 | J16: 42 | K16: ='4. Docentes de Aula'!U28 | L16: ✓ 100% Cubierto
A17: 13 | B17: 3° Medio TP Agropecuaria | C17: A | D17: JECD | E17: 32 | F17: 35 | G17: 5 | H17: 36 | I17: 6 | J17: 42 | K17: ='4. Docentes de Aula'!V28 | L17: ✓ 100% Cubierto
A18: 14 | B18: 4° Medio TP Agropecuaria | C18: A | D18: JECD | E18: 30 | F18: 35 | G18: 5 | H18: 36 | I18: 6 | J18: 42 | K18: ='4. Docentes de Aula'!W28 | L18: ✓ 100% Cubierto
A19: TOTALES | E19: =SUM(E5:E18) | F19: =SUM(F5:F18) | G19: =SUM(G5:G18) | H19: =SUM(H5:H18) | I19: =SUM(I5:I18) | J19: =SUM(J5:J18) | K19: =SUM(K5:K18) | L19: ✓ 100% CUBIERTO

Sheet 3. Directivos y Tecnicos
A1: EQUIPO DIRECTIVO Y TÉCNICO-PEDAGÓGICO (DFL 1/1996 - FUNCIONES FUERA DE AULA)
A2: RBD: 3887 - LICEO BICENTENARIO DE EXCELENCIA PUEBLO SECO | HORAS 100% CRONOLÓGICAS
A4: N° | B4: RUN / RUT | C4: Nombres y Apellidos | D4: Cargo / Función Oficial | E4: Horas Contrato | F4: Horas Asignadas Función | G4: Fuente Financiamiento | H4: Situación Contractual | I4: Observaciones Normativas
A5: 1 | B5: 10.967.693-4 | C5: SILVA VEGA, MARIO ANTONIO | D5: Director | E5: 44 | F5: 44 | G5: Subvención General | H5: Titular (Alta Dirección Pública) | I5: Director seleccionado por concurso ADP.
A6: 2 | B6: 12.445.890-2 | C6: GÓMEZ PEÑA, CRISTIAN ANDRÉS | D6: Inspector General | E6: 44 | F6: 44 | G6: Subvención General | H6: Titular | I6: Jornada completa de inspectoría y convivencia.
A7: 3 | B7: 13.882.109-8 | C7: SALAZAR ROJAS, MARCELA BEATRIZ | D7: Jefe Unidad Técnico Pedagógica | E7: 44 | F7: 44 | G7: Subvención General | H7: Titular | I7: Jefatura UTP y coordinación curricular 2027.
A8: 4 | B8: 14.120.345-1 | C8: PARRA MORALES, JORGE EDUARDO | D8: Evaluador Curricular UTP | E8: 30 | F8: 30 | G8: Subvención General | H8: Contrata | I8: Apoyo en evaluación y monitoreo de aprendizajes.
A9: 5 | B9: 15.678.901-3 | C9: CONTRERAS LÓPEZ, CLAUDIA CECILIA | D9: Encargada Convivencia Escolar | E9: 44 | F9: 44 | G9: SEP (Ley 20.248) | H9: Contrata | I9: Coordinación PME y cumplimiento Ley Karin (21.643).
A10: 6 | B10: 16.789.012-4 | C10: MARDONES FUENTES, CARLOS PATRICIO | D10: Orientador Educacional | E10: 30 | F10: 30 | G10: Subvención General | H10: Titular | I10: Orientación vocacional y tutoría 7° a 4° Medio.
A11: 7 | B11: 15.432.198-7 | C11: BARRERA VERA, KATHERINE ANDREA | D11: Coordinadora CRA / Biblioteca | E11: 30 | F11: 30 | G11: Subvención General | H11: Contrata | I11: Gestión biblioteca y recursos de aprendizaje CRA.
A12: TOTAL HORAS DIRECTIVAS Y TÉCNICAS | E12: =SUM(E5:E11) | F12: =SUM(F5:F11) | G12: - | H12: - | I12: ✓ 100% REGISTRADO

Sheet 4. Docentes de Aula
A1: MATRIZ DE ASIGNACIÓN HORARIA DOCENTE DE AULA – LEY 20.903 (PROPORCIÓN 60/40 VULNERABLE)
A2: RBD: 3887 - LICEO BICENTENARIO DE EXCELENCIA PUEBLO SECO | HORAS PEDAGÓGICAS POR CURSO Y SEMÁFORO EN VIVO
A4: DATOS FUNCIONARIO Y JORNADA CONTRACTUAL | J4: ASIGNACIÓN DE HORAS PEDAGÓGICAS POR CURSO | X4: TOTALES Y AUDITORÍA DE CONTRATO
A5: N° | B5: RUN | C5: Nombres y Apellidos | D5: Régimen | E5: Situación | F5: Hrs Contrato | G5: Tope Aula 60% | H5: Hrs No Lect. | I5: Asignatura / Especialidad | J5: PK | K5: K | L5: 1°B | M5: 2°B | N5: 3°B | O5: 4°B | P5: 5°B | Q5: 6°B | R5: 7°B | S5: 8°B | T5: 1°M | U5: 2°M | V5: 3°M TP | W5: 4°M TP | X5: Total Aula | Y5: Subv. General | Z5: SEP | AA5: Veredicto Auditoría
A6: 1 | B6: 11.234.567-8 | C6: ARRIAGADA RIQUELME, MARÍA ELENA | D6: 60/40 | E6: Titular | F6: 44 | G6: 26.4 | H6: 17.6 | I6: Educación Parvularia | J6: 22 | K6: 0 | L6: 0 | M6: 0 | N6: 0 | O6: 0 | P6: 0 | Q6: 0 | R6: 0 | S6: 0 | T6: 0 | U6: 0 | V6: 0 | W6: 0 | X6: =SUM(J6:W6) | Y6: 22 | Z6: 0 | AA6: ✓ Cuadrado
A7: 2 | B7: 12.345.678-9 | C7: BAHAMONDES SOTO, PAOLA ANDREA | D7: 60/40 | E7: Titular | F7: 44 | G7: 26.4 | H7: 17.6 | I7: Educación Parvularia | J7: 0 | K7: 22 | L7: 0 | M7: 0 | N7: 0 | O7: 0 | P7: 0 | Q7: 0 | R7: 0 | S7: 0 | T7: 0 | U7: 0 | V7: 0 | W7: 0 | X7: =SUM(J7:W7) | Y7: 22 | Z7: 0 | AA7: ✓ Cuadrado
A8: 3 | B8: 13.456.789-0 | C8: CASTILLO VENEGAS, HÉCTOR RAMÓN | D8: 60/40 | E8: Titular | F8: 44 | G8: 26.4 | H8: 17.6 | I8: Profesor General Básico 1° | J8: 0 | K8: 0 | L8: 26 | M8: 0 | N8: 0 | O8: 0 | P8: 0 | Q8: 0 | R8: 0 | S8: 0 | T8: 0 | U8: 0 | V8: 0 | W8: 0 | X8: =SUM(J8:W8) | Y8: 26 | Z8: 0 | AA8: ✓ Cuadrado
A9: 4 | B9: 14.567.890-1 | C9: DURÁN CARRILLO, GLORIA ISABEL | D9: 60/40 | E9: Titular | F9: 44 | G9: 26.4 | H9: 17.6 | I9: Profesor General Básico 2° | J9: 0 | K9: 0 | L9: 0 | M9: 26 | N9: 0 | O9: 0 | P9: 0 | Q9: 0 | R9: 0 | S9: 0 | T9: 0 | U9: 0 | V9: 0 | W9: 0 | X9: =SUM(J9:W9) | Y9: 26 | Z9: 0 | AA9: ✓ Cuadrado
A10: 5 | B10: 15.678.901-2 | C10: ESPINOZA BRAVO, JAVIERA CONSTANZA | D10: 60/40 | E10: Titular | F10: 44 | G10: 26.4 | H10: 17.6 | I10: Profesor General Básico 3° | J10: 0 | K10: 0 | L10: 0 | M10: 0 | N10: 26 | O10: 0 | P10: 0 | Q10: 0 | R10: 0 | S10: 0 | T10: 0 | U10: 0 | V10: 0 | W10: 0 | X10: =SUM(J10:W10) | Y10: 26 | Z10: 0 | AA10: ✓ Cuadrado
A11: 6 | B11: 16.789.012-3 | C11: FUENTEALBA PINO, RODRIGO ESTEBAN | D11: 60/40 | E11: Titular | F11: 44 | G11: 26.4 | H11: 17.6 | I11: Profesor General Básico 4° | J11: 0 | K11: 0 | L11: 0 | M11: 0 | N11: 0 | O11: 26 | P11: 0 | Q11: 0 | R11: 0 | S11: 0 | T11: 0 | U11: 0 | V11: 0 | W11: 0 | X11: =SUM(J11:W11) | Y11: 26 | Z11: 0 | AA11: ✓ Cuadrado
A12: 7 | B12: 13.987.654-2 | C12: GARRIDO MORA, LILIANA PATRICIA | D12: 60/40 | E12: Titular | F12: 44 | G12: 26.4 | H12: 17.6 | I12: Lengua y Literatura | J12: 0 | K12: 0 | L12: 0 | M12: 0 | N12: 0 | O12: 0 | P12: 6 | Q12: 6 | R12: 6 | S12: 6 | T12: 0 | U12: 0 | V12: 0 | W12: 0 | X12: =SUM(J12:W12) | Y12: 24 | Z12: 0 | AA12: ✓ Cuadrado
A13: 8 | B13: 14.876.543-1 | C13: HENRÍQUEZ TOLEDO, MAURICIO IVÁN | D13: 60/40 | E13: Titular | F13: 44 | G13: 26.4 | H13: 17.6 | I13: Matemática | J13: 0 | K13: 0 | L13: 0 | M13: 0 | N13: 0 | O13: 0 | P13: 6 | Q13: 6 | R13: 6 | S13: 6 | T13: 0 | U13: 0 | V13: 0 | W13: 0 | X13: =SUM(J13:W13) | Y13: 24 | Z13: 0 | AA13: ✓ Cuadrado
A14: 9 | B14: 15.765.432-0 | C14: IBÁÑEZ SEPÚLVEDA, CAROLINA ANDREA | D14: 60/40 | E14: Titular | F14: 44 | G14: 26.4 | H14: 17.6 | I14: Ciencias Naturales | J14: 0 | K14: 0 | L14: 0 | M14: 0 | N14: 0 | O14: 0 | P14: 4 | Q14: 4 | R14: 4 | S14: 4 | T14: 0 | U14: 0 | V14: 0 | W14: 0 | X14: =SUM(J14:W14) | Y14: 16 | Z14: 8 | AA14: ✓ Cuadrado
A15: 10 | B15: 16.654.321-9 | C15: JARA CIFUENTES, FELIPE ANDRÉS | D15: 60/40 | E15: Contrata | F15: 44 | G15: 26.4 | H15: 17.6 | I15: Historia y Geografía | J15: 0 | K15: 0 | L15: 0 | M15: 0 | N15: 0 | O15: 0 | P15: 4 | Q15: 4 | R15: 4 | S15: 4 | T15: 4 | U15: 4 | V15: 0 | W15: 0 | X15: =SUM(J15:W15) | Y15: 24 | Z15: 0 | AA15: ✓ Cuadrado
A16: 11 | B16: 17.543.210-8 | C16: LÓPEZ SANDOVAL, MARCELA PAZ | D16: 60/40 | E16: Titular | F16: 44 | G16: 26.4 | H16: 17.6 | I16: Inglés Básico y Media | J16: 0 | K16: 0 | L16: 2 | M16: 2 | N16: 2 | O16: 2 | P16: 3 | Q16: 3 | R16: 3 | S16: 3 | T16: 3 | U16: 3 | V16: 0 | W16: 0 | X16: =SUM(J16:W16) | Y16: 26 | Z16: 0 | AA16: ✓ Cuadrado
A17: 12 | B17: 18.432.109-7 | C17: MEDINA ALARCÓN, GONZALO ALONSO | D17: 60/40 | E17: Contrata | F17: 44 | G17: 26.4 | H17: 17.6 | I17: Educación Física y Salud | J17: 0 | K17: 0 | L17: 4 | M17: 4 | N17: 4 | O17: 4 | P17: 2 | Q17: 2 | R17: 2 | S17: 2 | T17: 2 | U17: 2 | V17: 0 | W17: 0 | X17: =SUM(J17:W17) | Y17: 26 | Z17: 0 | AA17: ✓ Cuadrado
... A23: 18 | B23: 17.321.098-3 | C23: SÁEZ VILCHES, NATALIA FRANCISCA | D23: 60/40 | E23: Contrata | F23: 38 | G23: 22.8 | H23: 15.2 | I23: Talleres JECD y Robótica | J23: 0 | K23: 0 | L23: 2 | M23: 2 | N23: 2 | O23: 2 | P23: 3 | Q23: 3 | R23: 4 | S23: 4 | T23: 0 | U23: 0 | V23: 0 | W23: 0 | X23: =SUM(J23:W23) | Y23: 0 | Z23: 22 | AA23: ✓ Cuadrado
A24: TOTAL HORAS PEDAGÓGICAS ASIGNADAS AL CURSO | J24: =SUM(J6:J23) | K24: =SUM(K6:K23) | L24: =SUM(L6:L23) | M24: =SUM(M6:M23) | N24: =SUM(N6:N23) | O24: =SUM(O6:O23) | P24: =SUM(P6:P23) | Q24: =SUM(Q6:Q23) | ... Z24: =SUM(Z6:Z23) | AA24: ✓ 100% CUADRADO

Sheet 5. Equipo PIE
A1: PROGRAMA DE INTEGRACIÓN ESCOLAR (PIE) – DECRETO 170 / 83
A2: RBD: 3887 - LICEO BICENTENARIO DE EXCELENCIA PUEBLO SECO | CO-DOCENCIA, AULA DE RECURSOS Y EQUIPO MULTIPROFESIONAL
A4: SECCIÓN A: DOCENTES DE EDUCACIÓN DIFERENCIAL (CO-DOCENCIA Y AULA DE RECURSOS)
A5: N° | B5: RUN / RUT | C5: Nombres y Apellidos | D5: Hrs Contrato PIE | E5: Hrs Co-docencia Aula | F5: Hrs Aula de Recursos | G5: Hrs Planificación Colab. | H5: Total Hrs Asignadas | I5: Cursos Focalizados | J5: Financiamiento | K5: Estado Cuadratura
A6: 1 | B6: 15.111.222-3 | C6: TOLEDO MORAGA, ANDREA SOLEDAD | D6: 44 | E6: 20 | F6: 16 | G6: 8 | H6: =SUM(E6:G6) | I6: 1° Básico A, 2° Básico A | J6: Subvención PIE | K6: ✓ Cuadrado
A7: 2 | B7: 16.222.333-4 | C7: URRUTIA PALMA, CARLA VALERIA | D7: 44 | E7: 20 | F7: 16 | G7: 8 | H7: =SUM(E7:G7) | I7: 3° Básico A, 4° Básico A | J7: Subvención PIE | K7: ✓ Cuadrado
A8: 3 | B8: 17.333.444-5 | C8: VALENZUELA TAPIA, FRANCISCA BELÉN | D8: 44 | E8: 20 | F8: 16 | G8: 8 | H8: =SUM(E8:G8) | I8: 5° a 8° Básico | J8: Subvención PIE | K8: ✓ Cuadrado
A9: 4 | B9: 18.444.555-6 | C9: YÁÑEZ CASTRO, JOSÉ TOMÁS | D9: 44 | E9: 20 | F9: 16 | G9: 8 | H9: =SUM(E9:G9) | I9: 1° a 4° Medio TP | J9: Subvención PIE | K9: ✓ Cuadrado
A10: SUBTOTAL HORAS DOCENTES PIE | D10: =SUM(D6:D9) | E10: =SUM(E6:E9) | F10: =SUM(F6:F9) | G10: =SUM(G6:G9) | H10: =SUM(H6:H9) | I10: - | J10: Subv. PIE | K10: ✓ 176 HRS CUADRADAS
A12: SECCIÓN B: PROFESIONALES DE APOYO PIE / DUPLA PSICOSOCIAL (NO DOCENTES - LEY 21.109 / DTO. 170)
A13: N° | B13: RUN / RUT | C13: Nombres y Apellidos | D13: Cargo Canónico DEP | E13: Horas Contrato | F13: Estamento | G13: Vía Financiamiento | H13: Situación Contractual | I13: Atención Principal | J13: Frecuencia Intervención | K13: Estado Registro
A14: 1 | B14: 16.555.666-7 | C14: ZAPATA MEJÍAS, VALENTINA ANDREA | D14: Psicólogo | E14: 44 | F14: Profesional | G14: Subvención PIE | H14: Contrata | I14: Evaluación WISC-V, PACI y apoyo socioemocional | J14: Semanal individual/grupal | K14: ✓ Activo
A15: 2 | B15: 17.666.777-8 | C15: ALBORNOZ CANALES, FELIPE IGNACIO | D15: Fonoaudiólogo/a | E15: 30 | F15: Profesional | G15: Subvención PIE | H15: Contrata | I15: Trastorno Específico del Lenguaje (TEL) | J15: Sesiones fonoaudiológicas | K15: ✓ Activo
A16: 3 | B16: 18.777.888-9 | C16: BASTÍAS MORALES, CONSTANZA DANIELA | D16: Terapeuta ocupacional | E16: 30 | F16: Profesional | G16: Subvención PIE | H16: Contrata | I16: Integración sensorial y autonomía escolar | J16: Terapia ocupacional sala PIE | K16: ✓ Activo
A17: 4 | B17: 15.888.999-0 | C17: CERDA FIGUEROA, MATÍAS EDUARDO | D17: Trabajador Social | E17: 44 | F17: Profesional | G17: SEP (Ley 20.248) | H17: Contrata | I17: Dupla Psicosocial, visitas domiciliarias y red | J17: Atención casos vulnerables | K17: ✓ Activo
A18: 5 | B18: 19.000.111-2 | C18: DONOSO SALGADO, CAMILA ALEJANDRA | D18: Asistente técnico de Educación Diferencial | E18: 44 | F18: Técnico | G18: Subvención PIE | H18: Contrata | I18: Apoyo en aula de recursos y materiales NEEP | J18: Acompañamiento en sala | K18: ✓ Activo
A19: SUBTOTAL HORAS PROFESIONALES DE APOYO | E19: =SUM(E14:E18) | F19: - | G19: - | H19: - | I19: - | J19: - | K19: ✓ 192 HRS EFECTIVAS

Sheet 6. Asistentes Educacion
A1: ASISTENTES DE LA EDUCACIÓN (LEY 21.109) – 17 CARGOS CANÓNICOS OFICIALES DEP
A2: RBD: 3887 - LICEO BICENTENARIO DE EXCELENCIA PUEBLO SECO | DESGLOSE POR VÍA DE FINANCIAMIENTO
A4: N° | B4: RUN / RUT | C4: Nombres y Apellidos | D4: Estamento Ley 21.109 | E4: Cargo Canónico DEP | F4: Hrs Contrato | G4: Subv. Gral Indef. | H4: Subv. Gral Plazo Fijo | I4: SEP Indef. | J4: SEP Plazo Fijo | K4: PIE | L4: Observaciones
A5: 1 | B5: 14.587.990-6 | C5: DÍAZ PUAS, LUISA ESTER | D5: Técnico | E5: Asistentes de aula | F5: 44 | G5: 44 | H5: 0 | I5: 0 | J5: 0 | K5: 0 | L5: Asistente de sala en 1° y 2° Básico.
A6: 2 | B6: 15.698.741-2 | C6: ESPINOZA RIVAS, MARGARITA ROSA | D6: Técnico | E6: Asistentes de aula | F6: 44 | G6: 44 | H6: 0 | I6: 0 | J6: 0 | K6: 0 | L6: Asistente en Educación Parvularia NT1 y NT2.
A7: 3 | B7: 11.874.521-3 | C7: FLORES VENEGAS, JOSÉ MIGUEL | D7: Administrativo | E7: Inspectores | F7: 44 | G7: 44 | H7: 0 | I7: 0 | J7: 0 | K7: 0 | L7: Inspector de patio y control de asistencia.
A8: 4 | B8: 12.985.632-4 | C8: GUTIÉRREZ MORA, PEDRO PABLO | D8: Administrativo | E8: Inspectores | F8: 44 | G8: 44 | H8: 0 | I8: 0 | J8: 0 | K8: 0 | L8: Inspector de patio enseñanza media.
A9: 5 | B9: 13.096.743-5 | C9: HERRERA BUSTOS, ANA MARÍA | D9: Administrativo | E9: Secretaria | F9: 44 | G9: 44 | H9: 0 | I9: 0 | J9: 0 | K9: 0 | L9: Secretaria de Dirección y atención público.
A10: 6 | B10: 14.107.854-6 | C10: INOSTROZA PARRA, CARMEN GLORIA | D10: Administrativo | E10: Administrativos | F10: 44 | G10: 0 | H10: 44 | I10: 0 | J10: 0 | K10: 0 | L10: Administrativa de finanzas y rendiciones.
A11: 7 | B11: 10.218.965-7 | C11: JIMÉNEZ SOTO, LUIS ALBERTO | D11: Auxiliar | E11: Auxiliares | F11: 44 | G11: 44 | H11: 0 | I11: 0 | J11: 0 | K11: 0 | L11: Auxiliar de aseo y servicios menores.
A12: 8 | B12: 11.329.076-8 | C12: LARA CIFUENTES, ROSA HERMINIA | D12: Auxiliar | E12: Auxiliares | F12: 44 | G12: 44 | H12: 0 | I12: 0 | J12: 0 | K12: 0 | L12: Auxiliar de aseo pabellón básica.
A13: 9 | B13: 12.430.187-9 | C13: MENDOZA ROJAS, MANUEL ANTONIO | D13: Auxiliar | E13: Auxiliares | F13: 44 | G13: 44 | H13: 0 | I13: 0 | J13: 0 | K13: 0 | L13: Auxiliar de aseo pabellón media.
A14: 10 | B14: 13.541.298-0 | C14: NÚÑEZ ALARCÓN, JUAN CARLOS | D14: Auxiliar | E14: Nocheros | F14: 44 | G14: 44 | H14: 0 | I14: 0 | J14: 0 | K14: 0 | L14: Cuidador nocturno y seguridad del recinto.
A15: 11 | B15: 14.652.309-1 | C15: ORTIZ PINO, FRANCISCO JAVIER | D15: Auxiliar | E15: Conductores Auxliar | F15: 44 | G15: 44 | H15: 0 | I15: 0 | J15: 0 | K15: 0 | L15: Conductor furgón transporte escolar rural.
A16: 12 | B16: 15.763.410-2 | C16: POBLETE VERA, MARCO AURELIO | D16: Auxiliar | E16: Maestros | F16: 44 | G16: 44 | H16: 0 | I16: 0 | J16: 0 | K16: 0 | L16: Maestro mantención infraestructura y gasfitería.
... A19: 15 | B19: 18.096.743-5 | C19: SANDOVAL BRAVO, MARÍA JOSÉ | D19: Técnico | E19: Asistente técnico de Educación Diferencial | F19: 44 | G19: 0 | H19: 0 | I19: 0 | J19: 0 | K19: 44 | L19: Técnico de apoyo diferencial aula PIE.
A20: TOTALES ASISTENTES DE LA EDUCACIÓN | F20: =SUM(F5:F19) | G20: =SUM(G5:G19) | H20: =SUM(H5:H19) | I20: =SUM(I5:I19) | J20: =SUM(J5:J19) | K20: =SUM(K5:K19) | L20: ✓ 660 HRS EFECTIVAS

Sheet 7. Parametros y Tablas
A1: TABLAS DE PARÁMETROS NORMATIVOS Y LISTAS DESPLEGABLES DEL SISTEMA
A3: ASIGNATURAS MINEDUC | C3: 17 CARGOS CANÓNICOS DEP (AAEE) | E3: CARGOS DIRECTIVOS Y TÉCNICOS | G3: TABLA 60/40 (VULN >80%) | H3: HRS AULA MÁX | I3: HRS NO LECTIVAS
A4: Lengua y Literatura | C4: Inspectores | E4: Director | G4: 44 hrs contrato | H4: 26.4 | I4: 17.6
A5: Matemática | C5: Auxiliares | E5: Subdirector | G5: 42 hrs contrato | H5: 25.2 | I5: 16.8
A6: Ciencias Naturales | C6: Psicólogo | E6: Inspector General | G6: 40 hrs contrato | H6: 24 | I6: 16
A7: Historia, Geografía y Cs. Sociales | C7: Trabajador Social | E7: Jefe Unidad Técnico Pedagógica | G7: 38 hrs contrato | H7: 22.8 | I7: 15.2
A8: Idioma Extranjero Inglés | C8: Asistente social | E8: Evaluador Curricular UTP | G8: 36 hrs contrato | H8: 21.6 | I8: 14.4
A9: Educación Física y Salud | C9: Kinesiólogo/a | E9: Encargada Convivencia Escolar | G9: 34 hrs contrato | H9: 20.4 | I9: 13.6
A10: Artes Visuales | C10: Fonoaudiólogo/a | E10: Orientador Educacional | G10: 32 hrs contrato | H10: 19.2 | I10: 12.8
A11: Música | C11: Terapeuta ocupacional | E11: Coordinadora CRA / Biblioteca | G11: 30 hrs contrato | H11: 18 | I11: 12
A12: Tecnología | C12: Asistente técnico de Educación Diferencial | E12: Coordinador de Ciclo | G12: 28 hrs contrato | H12: 16.8 | I12: 11.2
A13: Orientación | C13: Asistentes de aula | G13: 26 hrs contrato | H13: 15.6 | I13: 10.4
A14: Religión | C14: Administrativos | G14: 24 hrs contrato | H14: 14.4 | I14: 9.6
A15: Filosofía | C15: Conductores Auxliar | G15: 22 hrs contrato | H15: 13.2 | I15: 8.8
A16: Educación Ciudadana | C16: Maestros
A17: Ciencias para la Ciudadanía | C17: Enfermero/TENS/Asistente con capacitación
A18: Diferenciado TP Agropecuaria | C18: Comunicaciones
A19: Talleres JECD Libre Disposición | C19: Secretaria
C20: Nocheros
