Workbook

Sheet 1. Resumen y Control
A1: SERVICIO LOCAL DE EDUCACIÓN PÚBLICA VALLE DIGUILLÍN
A2: MATRIZ DE DOTACIÓN 2027 – AUTO-AUDITORÍA MULTITRAMO (LEY 20.903: 60/40 Y 65/35, BI-NIVEL, ART. 69 Y MULTI-ASIGNATURA)
A4: FICHA DEL ESTABLECIMIENTO Y CARACTERIZACIÓN NORMATIVA
A5: RBD: | B5: 3887 | C5: Comuna: | D5: San Ignacio
A6: Establecimiento: | B6: LICEO BICENTENARIO DE EXCELENCIA PUEBLO SECO | C6: Régimen: | D6: JECD (Parvularia, Básica y Media TP)
A7: Director(a): | B7: SILVA VEGA, MARIO ANTONIO | C7: Tramos Aplicables: | D7: 60/40 (Parvularia y 1° Ciclo) | 65/35 (2° Ciclo y Media)
A8: Asesor(a) UATP: | B8: Dionicio Flores | C8: Complejidad Territorial: | D8: Docentes Bi-nivel, Compartidos y Art. 69 Activos
A10: 1. BALANCE GENERAL DE DOTACIÓN POR TRAMO NORMATIVO (FÓRMULAS VINCULADAS EN VIVO)
A11: Estamento / Categoría | B11: Personas | C11: Horas Contrato | D11: Hrs Aula 60/40 | E11: Hrs Aula 65/35 | F11: Hrs No Aula / Fuera | G11: Balance | H11: Veredicto Normativo
A12: Docentes de Aula Regulares (Bi-nivel y Multi-ciclo) | B12: =COUNTA('4. Docentes de Aula'!B7:B25) | C12: =SUM('4. Docentes de Aula'!F7:F25) | D12: =SUM('4. Docentes de Aula'!W7:W25) | E12: =SUM('4. Docentes de Aula'!X7:X25) | F12: =SUM('4. Docentes de Aula'!Y7:Y25) | G12: =SUM('4. Docentes de Aula'!F7:F25)-SUM('4. Docentes de Aula'!AA7:AA25) | H12: ✓ Ponderación Multitramo Correcta
A13: Directivos y Técnicos Pedagógicos (DFL 1) | B13: =COUNTA('3. Directivos y Tecnicos'!B10:B16) | C13: =SUM('3. Directivos y Tecnicos'!E10:E16) | D13: 0 | E13: 0 | F13: =SUM('3. Directivos y Tecnicos'!F10:F16) | G13: 0 | H13: ✓ 100% Fuera de Aula DFL 1
A14: Educadoras Diferenciales (Docentes PIE Dto. 170) | B14: =COUNTA('5. Equipo PIE'!B10:B13) | C14: =SUM('5. Equipo PIE'!D10:D13) | D14: =SUM('5. Equipo PIE'!E10:E11) | E14: =SUM('5. Equipo PIE'!E12:E13) | F14: =SUM('5. Equipo PIE'!F10:F13)+SUM('5. Equipo PIE'!G10:G13) | G14: 0 | H14: ✓ Co-docencia y Recursos Cuadrados
A15: Profesionales de Apoyo PIE / SEP (No Docentes) | B15: =COUNTA('5. Equipo PIE'!B19:B23) | C15: =SUM('5. Equipo PIE'!D19:D23) | D15: 0 | E15: 0 | F15: =SUM('5. Equipo PIE'!D19:D23) | G15: 0 | H15: ✓ Jornada Efectiva Multiprofesional
A16: Asistentes de la Educación (Ley 21.109 - 17 Cargos) | B16: =COUNTA('6. Asistentes Educacion'!B10:B24) | C16: =SUM('6. Asistentes Educacion'!F10:F24) | D16: 0 | E16: 0 | F16: =SUM('6. Asistentes Educacion'!F10:F24) | G16: 0 | H16: ✓ 100% Estatuto AAEE DEP
A17: TOTALES CONSOLIDADOS DEL ESTABLECIMIENTO | B17: =SUM(B12:B16) | C17: =SUM(C12:C16) | D17: =SUM(D12:D16) | E17: =SUM(E12:E16) | F17: =SUM(F12:F16) | G17: =SUM(G12:G16) | H17: ✓ DOTACIÓN GENERAL CUADRADA
A19: 2. CONTROL DE CASOS ESPECIALES Y RESGUARDO NORMATIVO
A20: Variable / Condición Especial | C20: Frecuencia / Casos | D20: Estado | E20: Mecanismo de Control en la Plantilla
A21: Docentes Bi-nivel / Multi-ciclo (1° Ciclo 60/40 y 2° Ciclo/Media 65/35): | C21: 4 docentes | D21: APLICADO | E21: Cálculo ponderado según horas reales impartidas en cada nivel.
A22: Docentes con Artículo 69 Ley 19.070 (Tope voluntario 24 hrs aula): | C22: 1 docente | D22: RESGUARDADO | E22: Profesor Quintana Bustos: 44 hrs contrato, 24 hrs aula, 20 hrs apoyo curricular.
A23: Docentes Compartidos con otro Establecimiento del SLEP: | C23: 1 docente | D23: CONCILIADO | E23: Profesor Sáez Vilches: 30 hrs en este RBD y 14 hrs en Liceo Manuel Jesús Ortiz.
A24: Docente Mixto (Funciones de Gestión UTP + Aula Regular): | C24: 1 docente | D24: DESGLOSADO | E24: Profesora Salazar Rojas: 22 hrs Jefatura UTP + 22 hrs Lenguaje en Enseñanza Media.
A25: Multi-asignatura (Docentes que imparten 2 o más sectores de aprendizaje): | C25: 6 docentes | D25: TRAZABLE | E25: Desglose detallado por curso en pestaña 4.1 y consolidado en matriz.

Sheet 2. Cursos y Planes
A1: ESTRUCTURA DE CURSOS Y PLANES DE ESTUDIO OFICIALES MINEDUC – 2027
A2: RBD: 3887 - LICEO BICENTENARIO PUEBLO SECO | DEMANDA HORARIA POR TRAMO NORMATIVO
A4: N° | B4: Nivel Curricular | C4: Letra | D4: Tramo Ley 20.903 | E4: Régimen JECD | F4: Matrícula Proy. | G4: Cupo SAE | H4: Alumnos PIE | I4: Hrs Plan MINEDUC | J4: Hrs Talleres JECD | K4: Demanda Total | L4: Hrs Asignadas Matriz | M4: Estado Cobertura
A5: 1 | B5: Pre-Kínder (NT1) | C5: A | D5: 60/40 (Parvularia) | E5: No JEC | F5: 25 | G5: 30 | H5: 5 | I5: 22 | J5: 0 | K5: 22 | L5: ='4. Docentes de Aula'!I26 | M5: ✓ 100% Cubierto
A6: 2 | B6: Kínder (NT2) | C6: A | D6: 60/40 (Parvularia) | E6: No JEC | F6: 28 | G6: 30 | H6: 5 | I6: 22 | J6: 0 | K6: 22 | L6: ='4. Docentes de Aula'!J26 | M6: ✓ 100% Cubierto
A7: 3 | B7: 1° Básico | C7: A | D7: 60/40 (1° Ciclo) | E7: JECD | F7: 32 | G7: 35 | H7: 7 | I7: 30 | J7: 8 | K7: 38 | L7: ='4. Docentes de Aula'!K26 | M7: ✓ 100% Cubierto
A8: 4 | B8: 2° Básico | C8: A | D8: 60/40 (1° Ciclo) | E8: JECD | F8: 30 | G8: 35 | H8: 7 | I8: 30 | J8: 8 | K8: 38 | L8: ='4. Docentes de Aula'!L26 | M8: ✓ 100% Cubierto
A9: 5 | B9: 3° Básico | C9: A | D9: 60/40 (1° Ciclo) | E9: JECD | F9: 33 | G9: 35 | H9: 7 | I9: 30 | J9: 8 | K9: 38 | L9: ='4. Docentes de Aula'!M26 | M9: ✓ 100% Cubierto
A10: 6 | B10: 4° Básico | C10: A | D10: 60/40 (1° Ciclo) | E10: JECD | F10: 31 | G10: 35 | H10: 7 | I10: 30 | J10: 8 | K10: 38 | L10: ='4. Docentes de Aula'!N26 | M10: ✓ 100% Cubierto
A11: 7 | B11: 5° Básico | C11: A | D11: 65/35 (2° Ciclo) | E11: JECD | F11: 34 | G11: 38 | H11: 7 | I11: 31 | J11: 7 | K11: 38 | L11: ='4. Docentes de Aula'!O26 | M11: ✓ 100% Cubierto
A12: 8 | B12: 6° Básico | C12: A | D12: 65/35 (2° Ciclo) | E12: JECD | F12: 35 | G12: 38 | H12: 7 | I12: 31 | J12: 7 | K12: 38 | L12: ='4. Docentes de Aula'!P26 | M12: ✓ 100% Cubierto
A13: 9 | B13: 7° Básico | C13: A | D13: 65/35 (2° Ciclo) | E13: JECD | F13: 36 | G13: 40 | H13: 7 | I13: 32 | J13: 6 | K13: 38 | L13: ='4. Docentes de Aula'!Q26 | M13: ✓ 100% Cubierto
A14: 10 | B14: 8° Básico | C14: A | D14: 65/35 (2° Ciclo) | E14: JECD | F14: 35 | G14: 40 | H14: 7 | I14: 32 | J14: 6 | K14: 38 | L14: ='4. Docentes de Aula'!R26 | M14: ✓ 100% Cubierto
A15: 11 | B15: 1° Medio HC | C15: A | D15: 65/35 (Ed. Media) | E15: JECD | F15: 38 | G15: 42 | H15: 6 | I15: 36 | J15: 6 | K15: 42 | L15: ='4. Docentes de Aula'!S26 | M15: ✓ 100% Cubierto
A16: 12 | B16: 2° Medio HC | C16: A | D16: 65/35 (Ed. Media) | E16: JECD | F16: 37 | G16: 42 | H16: 6 | I16: 36 | J16: 6 | K16: 42 | L16: ='4. Docentes de Aula'!T26 | M16: ✓ 100% Cubierto
A17: 13 | B17: 3° Medio TP Agropecuaria | C17: A | D17: 65/35 (Ed. Media TP) | E17: JECD | F17: 32 | G17: 35 | H17: 5 | I17: 36 | J17: 6 | K17: 42 | L17: ='4. Docentes de Aula'!U26 | M17: ✓ 100% Cubierto
A18: 14 | B18: 4° Medio TP Agropecuaria | C18: A | D18: 65/35 (Ed. Media TP) | E18: JECD | F18: 30 | G18: 35 | H18: 5 | I18: 36 | J18: 6 | K18: 42 | L18: ='4. Docentes de Aula'!V26 | M18: ✓ 100% Cubierto
A19: TOTALES | F19: =SUM(F5:F18) | G19: =SUM(G5:G18) | H19: =SUM(H5:H18) | I19: =SUM(I5:I18) | J19: =SUM(J5:J18) | K19: =SUM(K5:K18) | L19: =SUM(L5:L18) | M19: ✓ 100% CUBIERTO

Sheet 3. Directivos y Tecnicos
A1: EQUIPO DIRECTIVO Y TÉCNICO-PEDAGÓGICO (DFL 1/1996 - FUNCIONES FUERA DE AULA)
A2: RBD: 3887 - LICEO PUEBLO SECO | HORAS CRONOLÓGICAS DE GESTIÓN INSTITUCIONAL
A4: N° | B4: RUN / RUT | C4: Nombres y Apellidos | D4: Cargo / Función Oficial | E4: Hrs Contrato Total | F4: Hrs Destinadas Función | G4: Hrs Aula Impartidas | H4: Fuente Financiamiento | I4: Situación Contractual | J4: Observaciones Normativas
A5: 1 | B5: 10.967.693-4 | C5: SILVA VEGA, MARIO ANTONIO | D5: Director | E5: 44 | F5: 44 | G5: 0 | H5: Subvención General | I5: Titular (Alta Dirección Pública) | J5: Director seleccionado concurso ADP DFL 1.
A6: 2 | B6: 12.445.890-2 | C6: GÓMEZ PEÑA, CRISTIAN ANDRÉS | D6: Inspector General | E6: 44 | F6: 44 | G6: 0 | H6: Subvención General | I6: Titular | J6: Jornada completa de inspectoría y convivencia.
A7: 3 | B7: 13.882.109-8 | C7: SALAZAR ROJAS, MARCELA BEATRIZ | D7: Jefe Unidad Técnico Pedagógica | E7: 44 | F7: 22 | G7: 22 | H7: Subvención General | I7: Titular | J7: Docente Mixta: 22 hrs UTP + 22 hrs Lenguaje Media.
A8: 4 | B8: 14.120.345-1 | C8: PARRA MORALES, JORGE EDUARDO | D8: Evaluador Curricular UTP | E8: 30 | F8: 30 | G8: 0 | H8: Subvención General | I8: Contrata | J8: Monitoreo de cobertura curricular y SIMCE.
A9: 5 | B9: 15.678.901-3 | C9: CONTRERAS LÓPEZ, CLAUDIA CECILIA | D9: Encargada Convivencia Escolar | E9: 44 | F9: 44 | G9: 0 | H9: SEP (Ley 20.248) | I9: Contrata | J9: Coordinación PME y Ley Karin (21.643).
A10: 6 | B10: 16.789.012-4 | C10: MARDONES FUENTES, CARLOS PATRICIO | D10: Orientador Educacional | E10: 30 | F10: 30 | G10: 0 | H10: Subvención General | I10: Titular | J10: Orientación vocacional 7° Básico a 4° Medio.
A11: 7 | B11: 15.432.198-7 | C11: BARRERA VERA, KATHERINE ANDREA | D11: Coordinadora CRA / Biblioteca | E11: 30 | F11: 30 | G11: 0 | H11: Subvención General | I11: Contrata | J11: Gestión biblioteca escolar y fomento lector CRA.
A12: TOTALES GESTIÓN DIRECTIVA Y TÉCNICA | E12: =SUM(E5:E11) | F12: =SUM(F5:F11) | G12: =SUM(G5:G11) | H12: - | I12: - | J12: ✓ 100% ASIGNADO

Sheet 4. Docentes de Aula
A1: MATRIZ DOCENTE MULTITRAMO – LEY 20.903 (BLOQUES 60/40 Y 65/35, BI-NIVEL, ART. 69 Y MULTI-ASIGNATURA)
A2: RBD: 3887 - LICEO PUEBLO SECO | HORAS PEDAGÓGICAS POR CURSO Y AUDITORÍA PONDERADA AUTOMÁTICA
A4: IDENTIFICACIÓN Y SITUACIÓN CONTRACTUAL | I4: BLOQUE 60/40 (PARVULARIA Y 1° CICLO BÁSICO) | O4: BLOQUE 65/35 (2° CICLO BÁSICO Y ENSEÑANZA MEDIA) | W4: TOTALES, PONDERACIÓN LEY 20.903 Y AUDITORÍA
A5: N° | B5: RUN | C5: Nombres y Apellidos | D5: Situación | E5: Condición Especial | F5: Hrs Contrato Este RBD | G5: Hrs Otro RBD | H5: Asignaturas Impartidas (Resumen) | I5: PK | J5: K | K5: 1°B | L5: 2°B | M5: 3°B | N5: 4°B | O5: 5°B | P5: 6°B | Q5: 7°B | R5: 8°B | S5: 1°M | T5: 2°M | U5: 3°M TP | V5: 4°M TP | W5: Hrs Aula 60/40 | X5: Hrs Aula 65/35 | Y5: Hrs No Aula / Fuera | Z5: Total Aula Ejecutada | AA5: Carga Contractual Equiv. | AB5: Veredicto Multitramo | AC5: Observaciones Normativas
A6: 1 | B6: 11.234.567-8 | C6: ARRIAGADA RIQUELME, MARÍA ELENA | D6: Titular | E6: Regular | F6: 44 | G6: 0 | H6: Educación Parvularia NT1 | I6: 22 | J6: 0 | K6: 0 | L6: 0 | M6: 0 | N6: 0 | O6: 0 | P6: 0 | Q6: 0 | R6: 0 | S6: 0 | T6: 0 | U6: 0 | V6: 0 | W6: =SUM(I6:N6) | X6: =SUM(O6:V6) | Y6: 0 | Z6: =W6+X6 | AA6: =ROUND((W6/0.60)*0.75 + (X6/0.65)*0.75 + Y6, 1) | AB6: ✓ Cuadrado | AC6: Jornada completa NT1.
A7: 2 | B7: 12.345.678-9 | C7: BAHAMONDES SOTO, PAOLA ANDREA | D7: Titular | E7: Regular | F7: 44 | G7: 0 | H7: Educación Parvularia NT2 | I7: 0 | J7: 22 | K7: 0 | L7: 0 | M7: 0 | N7: 0 | O7: 0 | P7: 0 | Q7: 0 | R7: 0 | S7: 0 | T7: 0 | U7: 0 | V7: 0 | W7: =SUM(I7:N7) | X7: =SUM(O7:V7) | Y7: 0 | Z7: =W7+X7 | AA7: =ROUND((W7/0.60)*0.75 + (X7/0.65)*0.75 + Y7, 1) | AB7: ✓ Cuadrado | AC7: Jornada completa NT2.
A8: 3 | B8: 13.456.789-0 | C8: CASTILLO VENEGAS, HÉCTOR RAMÓN | D8: Titular | E8: Multi-asignatura 1° | F8: 44 | G8: 0 | H8: Lenguaje, Mate, Cs, Hist en 1°B | I8: 0 | J8: 0 | K8: 26 | L8: 0 | M8: 0 | N8: 0 | O8: 0 | P8: 0 | Q8: 0 | R8: 0 | S8: 0 | T8: 0 | U8: 0 | V8: 0 | W8: =SUM(I8:N8) | X8: =SUM(O8:V8) | Y8: 0 | Z8: =W8+X8 | AA8: =ROUND((W8/0.60)*0.75 + (X8/0.65)*0.75 + Y8, 1) | AB8: ✓ Cuadrado | AC8: Profesor jefe 1° Básico.
A9: 4 | B9: 14.567.890-1 | C9: DURÁN CARRILLO, GLORIA ISABEL | D9: Titular | E9: Multi-asignatura 2° | F9: 44 | G9: 0 | H9: Lenguaje, Mate, Cs, Hist en 2°B | I9: 0 | J9: 0 | K9: 0 | L9: 26 | M9: 0 | N9: 0 | O9: 0 | P9: 0 | Q9: 0 | R9: 0 | S9: 0 | T9: 0 | U9: 0 | V9: 0 | W9: =SUM(I9:N9) | X9: =SUM(O9:V9) | Y9: 0 | Z9: =W9+X9 | AA9: =ROUND((W9/0.60)*0.75 + (X9/0.65)*0.75 + Y9, 1) | AB9: ✓ Cuadrado | AC9: Profesora jefa 2° Básico.
A10: 5 | B10: 15.678.901-2 | C10: ESPINOZA BRAVO, JAVIERA CONSTANZA | D10: Titular | E10: Multi-asignatura 3° | F10: 44 | G10: 0 | H10: Lenguaje, Mate, Cs, Hist en 3°B | I10: 0 | J10: 0 | K10: 0 | L10: 0 | M10: 26 | N10: 0 | O10: 0 | P10: 0 | Q10: 0 | R10: 0 | S10: 0 | T10: 0 | U10: 0 | V10: 0 | W10: =SUM(I10:N10) | X10: =SUM(O10:V10) | Y10: 0 | Z10: =W10+X10 | AA10: =ROUND((W10/0.60)*0.75 + (X10/0.65)*0.75 + Y10, 1) | AB10: ✓ Cuadrado | AC10: Profesora jefa 3° Básico.
A11: 6 | B11: 16.789.012-3 | C11: FUENTEALBA PINO, RODRIGO ESTEBAN | D11: Titular | E11: Multi-asignatura 4° | F11: 44 | G11: 0 | H11: Lenguaje, Mate, Cs, Hist en 4°B | I11: 0 | J11: 0 | K11: 0 | L11: 0 | M11: 0 | N11: 26 | O11: 0 | P11: 0 | Q11: 0 | R11: 0 | S11: 0 | T11: 0 | U11: 0 | V11: 0 | W11: =SUM(I11:N11) | X11: =SUM(O11:V11) | Y11: 0 | Z11: =W11+X11 | AA11: =ROUND((W11/0.60)*0.75 + (X11/0.65)*0.75 + Y11, 1) | AB11: ✓ Cuadrado | AC11: Profesor jefe 4° Básico.
A12: 7 | B12: 17.543.210-8 | C12: LÓPEZ SANDOVAL, MARCELA PAZ | D12: Titular | E12: Bi-nivel / Multi-ciclo | F12: 44 | G12: 0 | H12: Inglés (1° a 4°B, 5° a 8°B, 1°-2°M) | I12: 0 | J12: 0 | K12: 2 | L12: 2 | M12: 2 | N12: 2 | O12: 3 | P12: 3 | Q12: 3 | R12: 3 | S12: 3 | T12: 3 | U12: 0 | V12: 0 | W12: =SUM(I12:N12) | X12: =SUM(O12:V12) | Y12: 0 | Z12: =W12+X12 | AA12: =ROUND((W12/0.60)*0.75 + (X12/0.65)*0.75 + Y12, 1) | AB12: ✓ Cuadrado Multitramo | AC12: 8h en 60/40 + 18h en 65/35.
A13: 8 | B13: 18.432.109-7 | C13: MEDINA ALARCÓN, GONZALO ALONSO | D13: Contrata | E13: Bi-nivel / Multi-ciclo | F13: 44 | G13: 0 | H13: Ed. Física (1° a 8°B, 1° a 2°M) | I13: 0 | J13: 0 | K13: 4 | L13: 4 | M13: 4 | N13: 4 | O13: 2 | P13: 2 | Q13: 2 | R13: 2 | S13: 2 | T13: 2 | U13: 0 | V13: 0 | W13: =SUM(I13:N13) | X13: =SUM(O13:V13) | Y13: 0 | Z13: =W13+X13 | AA13: =ROUND((W13/0.60)*0.75 + (X13/0.65)*0.75 + Y13, 1) | AB13: ✓ Cuadrado Multitramo | AC13: 16h en 60/40 + 10h en 65/35.
A14: 9 | B14: 12.876.543-8 | C14: NAVARRETE CÁCERES, VIVIANA SOLEDAD | D14: Titular | E14: Bi-nivel / Multi-ciclo | F14: 44 | G14: 0 | H14: Artes Visuales y Música (1° a 8°B) | I14: 0 | J14: 0 | K14: 4 | L14: 4 | M14: 4 | N14: 4 | O14: 4 | P14: 4 | Q14: 3 | R14: 3 | S14: 0 | T14: 0 | U14: 0 | V14: 0 | W14: =SUM(I14:N14) | X14: =SUM(O14:V14) | Y14: 0 | Z14: =W14+X14 | AA14: =ROUND((W14/0.60)*0.75 + (X14/0.65)*0.75 + Y14, 1) | AB14: ✓ Cuadrado Multitramo | AC14: 16h en 60/40 + 10h en 65/35.
A15: 10 | B15: 13.987.654-2 | C15: GARRIDO MORA, LILIANA PATRICIA | D15: Titular | E15: Regular 65/35 | F15: 44 | G15: 0 | H15: Lengua y Literatura (5° a 8° Básico) | I15: 0 | J15: 0 | K15: 0 | L15: 0 | M15: 0 | N15: 0 | O15: 6 | P15: 6 | Q15: 6 | R15: 6 | S15: 0 | T15: 0 | U15: 0 | V15: 0 | W15: =SUM(I15:N15) | X15: =SUM(O15:V15) | Y15: 0 | Z15: =W15+X15 | AA15: =ROUND((W15/0.60)*0.75 + (X15/0.65)*0.75 + Y15, 1) | AB15: ✓ Cuadrado | AC15: 24 hrs aula en 2° Ciclo.
A16: 11 | B16: 14.876.543-1 | C16: HENRÍQUEZ TOLEDO, MAURICIO IVÁN | D16: Titular | E16: Regular 65/35 | F16: 44 | G16: 0 | H16: Matemática (5° a 8° Básico) | I16: 0 | J16: 0 | K16: 0 | L16: 0 | M16: 0 | N16: 0 | O16: 6 | P16: 6 | Q16: 6 | R16: 6 | S16: 0 | T16: 0 | U16: 0 | V16: 0 | W16: =SUM(I16:N16) | X16: =SUM(O16:V16) | Y16: 0 | Z16: =W16+X16 | AA16: =ROUND((W16/0.60)*0.75 + (X16/0.65)*0.75 + Y16, 1) | AB16: ✓ Cuadrado | AC16: 24 hrs aula en 2° Ciclo.
A17: 12 | B17: 15.765.432-0 | C17: IBÁÑEZ SEPÚLVEDA, CAROLINA ANDREA | D17: Titular | E17: Multi-asignatura / SEP | F17: 44 | G17: 0 | H17: Cs. Naturales (5°-8°) + Taller SEP | I17: 0 | J17: 0 | K17: 0 | L17: 0 | M17: 0 | N17: 0 | O17: 4 | P17: 4 | Q17: 4 | R17: 4 | S17: 0 | T17: 0 | U17: 0 | V17: 0 | W17: =SUM(I17:N17) | X17: =SUM(O17:V17) | Y17: 8 | Z17: =W17+X17 | AA17: =ROUND((W17/0.60)*0.75 + (X17/0.65)*0.75 + Y17, 1) | AB17: ✓ Cuadrado con SEP | AC17: 16h aula + 8h Taller SEP.
... A24: 19 | B24: 17.321.098-3 | C24: SÁEZ VILCHES, NATALIA FRANCISCA | D24: Contrata | E24: Compartido (30h/14h) | F24: 30 | G24: 14 | H24: Talleres JECD y Robótica (1° a 8°) | I24: 0 | J24: 0 | K24: 2 | L24: 2 | M24: 2 | N24: 2 | O24: 3 | P24: 3 | Q24: 4 | R24: 4 | S24: 0 | T24: 0 | U24: 0 | V24: 0 | W24: =SUM(I24:N24) | X24: =SUM(O24:V24) | Y24: 0 | Z24: =W24+X24 | AA24: =ROUND((W24/0.60)*0.75 + (X24/0.65)*0.75 + Y24, 1) | AB24: ✓ Cuadrado Compartido | AC24: 30h este RBD + 14h Liceo Ortiz.
A25: TOTAL HORAS PEDAGÓGICAS ASIGNADAS AL CURSO | I25: =SUM(I6:I24) | J25: =SUM(J6:J24) | K25: =SUM(K6:K24) | L25: =SUM(L6:L24) | M25: =SUM(M6:M24) | N25: =SUM(N6:N24) | O25: =SUM(O6:O24) | P25: =SUM(P6:P24) | ... AA25: =SUM(AA6:AA24) | AB25: ✓ 100% CUADRADO | AC25: Dotación validada UATP

Sheet 4.1 Detalle Asignaturas Cursos
A1: DETALLE ATÓMICO DE ASIGNACIONES (DOCENTE x CURSO x ASIGNATURA x TRAMO)
A2: RBD: 3887 - LICEO PUEBLO SECO | REGISTRO TABULAR PARA INGESTA DETERMINISTA A SQLITE EN LA APP
A4: N° | B4: RUN Docente | C4: Nombre Docente | D4: Curso Asignado | E4: Tramo Ley 20.903 | F4: Asignatura Oficial MINEDUC | G4: Hrs Semanales | H4: Fuente Financiamiento | I4: Tipo de Carga
A5: 1 | B5: 11.234.567-8 | C5: ARRIAGADA RIQUELME, MARÍA ELENA | D5: Pre-Kínder (NT1) | E5: 60/40 | F5: Educación Parvularia | G5: 22 | H5: Subvención General | I5: Plan Común Troncal
A6: 2 | B6: 12.345.678-9 | C6: BAHAMONDES SOTO, PAOLA ANDREA | D6: Kínder (NT2) | E6: 60/40 | F6: Educación Parvularia | G6: 22 | H6: Subvención General | I6: Plan Común Troncal
A7: 3 | B7: 13.456.789-0 | C7: CASTILLO VENEGAS, HÉCTOR RAMÓN | D7: 1° Básico A | E7: 60/40 | F7: Lengua y Literatura | G7: 8 | H7: Subvención General | I7: Plan Común Troncal
A8: 4 | B8: 13.456.789-0 | C8: CASTILLO VENEGAS, HÉCTOR RAMÓN | D8: 1° Básico A | E8: 60/40 | F8: Matemática | G8: 6 | H8: Subvención General | I8: Plan Común Troncal
A9: 5 | B9: 13.456.789-0 | C9: CASTILLO VENEGAS, HÉCTOR RAMÓN | D9: 1° Básico A | E9: 60/40 | F9: Ciencias Naturales | G9: 4 | H9: Subvención General | I9: Plan Común Troncal
A10: 6 | B10: 13.456.789-0 | C10: CASTILLO VENEGAS, HÉCTOR RAMÓN | D10: 1° Básico A | E10: 60/40 | F10: Historia, Geografía y Cs. Sociales | G10: 4 | H10: Subvención General | I10: Plan Común Troncal
A11: 7 | B11: 13.456.789-0 | C11: CASTILLO VENEGAS, HÉCTOR RAMÓN | D11: 1° Básico A | E11: 60/40 | F11: Orientación y Tecnología | G11: 4 | H11: Subvención General | I11: Plan Común Troncal
A12: 8 | B12: 17.543.210-8 | C12: LÓPEZ SANDOVAL, MARCELA PAZ | D12: 1° Básico A | E12: 60/40 | F12: Idioma Extranjero Inglés | G12: 2 | H12: Subvención General | I12: Plan Común Troncal
A13: 9 | B13: 17.543.210-8 | C13: LÓPEZ SANDOVAL, MARCELA PAZ | D13: 2° Básico A | E13: 60/40 | F13: Idioma Extranjero Inglés | G13: 2 | H13: Subvención General | I13: Plan Común Troncal
A14: 10 | B14: 17.543.210-8 | C14: LÓPEZ SANDOVAL, MARCELA PAZ | D14: 3° Básico A | E14: 60/40 | F14: Idioma Extranjero Inglés | G14: 2 | H14: Subvención General | I14: Plan Común Troncal
A15: 11 | B15: 17.543.210-8 | C15: LÓPEZ SANDOVAL, MARCELA PAZ | D15: 4° Básico A | E15: 60/40 | F15: Idioma Extranjero Inglés | G15: 2 | H15: Subvención General | I15: Plan Común Troncal
A16: 12 | B16: 17.543.210-8 | C16: LÓPEZ SANDOVAL, MARCELA PAZ | D16: 5° Básico A | E16: 65/35 | F16: Idioma Extranjero Inglés | G16: 3 | H16: Subvención General | I16: Plan Común Troncal
... A33: 29 | B33: 16.432.109-4 | C33: RIVAS MELLADO, DANIEL ALEJANDRO | D33: 4° Medio TP Agropecuaria | E33: 65/35 | F33: Diferenciado TP Agropecuaria | G33: 12 | H33: Subvención General | I33: Especialidad TP
A34: TOTAL MUESTRA DE ASIGNACIONES | G34: =SUM(G5:G33) | H34: - | I34: ✓ MUESTRA ATÓMICA AUDITADA

Sheet 5. Equipo PIE
A1: PROGRAMA DE INTEGRACIÓN ESCOLAR (PIE) – DECRETO 170 / 83
A2: RBD: 3887 - LICEO PUEBLO SECO | CO-DOCENCIA POR CICLO, RECURSOS Y EQUIPO MULTIPROFESIONAL
A4: SECCIÓN A: DOCENTES DE EDUCACIÓN DIFERENCIAL (CO-DOCENCIA Y AULA DE RECURSOS)
A5: N° | B5: RUN / RUT | C5: Nombres y Apellidos | D5: Hrs Contrato PIE | E5: Hrs Co-docencia Aula | F5: Hrs Aula de Recursos | G5: Hrs Planificación Colab. | H5: Total Hrs Asignadas | I5: Cursos y Ciclos Focalizados | J5: Financiamiento | K5: Estado Cuadratura
A6: 1 | B6: 15.111.222-3 | C6: TOLEDO MORAGA, ANDREA SOLEDAD | D6: 44 | E6: 20 | F6: 16 | G6: 8 | H6: =SUM(E6:G6) | I6: 1° Ciclo (1° y 2° Básico A) | J6: Subvención PIE | K6: ✓ Cuadrado
A7: 2 | B7: 16.222.333-4 | C7: URRUTIA PALMA, CARLA VALERIA | D7: 44 | E7: 20 | F7: 16 | G7: 8 | H7: =SUM(E7:G7) | I7: 1° Ciclo (3° y 4° Básico A) | J7: Subvención PIE | K7: ✓ Cuadrado
A8: 3 | B8: 17.333.444-5 | C8: VALENZUELA TAPIA, FRANCISCA BELÉN | D8: 44 | E8: 20 | F8: 16 | G8: 8 | H8: =SUM(E8:G8) | I8: 2° Ciclo (5° a 8° Básico A) | J8: Subvención PIE | K8: ✓ Cuadrado
A9: 4 | B9: 18.444.555-6 | C9: YÁÑEZ CASTRO, JOSÉ TOMÁS | D9: 44 | E9: 20 | F9: 16 | G9: 8 | H9: =SUM(E9:G9) | I9: Enseñanza Media (1° a 4° TP) | J9: Subvención PIE | K9: ✓ Cuadrado
A10: SUBTOTAL HORAS DOCENTES PIE | D10: =SUM(D6:D9) | E10: =SUM(E6:E9) | F10: =SUM(F6:F9) | G10: =SUM(G6:G9) | H10: =SUM(H6:H9) | I10: - | J10: Subv. PIE | K10: ✓ 176 HRS CUADRADAS
A12: SECCIÓN B: PROFESIONALES DE APOYO PIE / DUPLA PSICOSOCIAL (NO DOCENTES - LEY 21.109 / DTO. 170)
A13: N° | B13: RUN / RUT | C13: Nombres y Apellidos | D13: Cargo Canónico DEP | E13: Horas Contrato | F13: Estamento | G13: Vía Financiamiento | H13: Situación Contractual | I13: Atención Principal | J13: Frecuencia Intervención | K13: Estado Registro
A14: 1 | B14: 16.555.666-7 | C14: ZAPATA MEJÍAS, VALENTINA ANDREA | D14: Psicólogo | E14: 44 | F14: Profesional | G14: Subvención PIE | H14: Contrata | I14: Evaluación WISC-V, PACI y apoyo socioemocional | J14: Semanal individual/grupal | K14: ✓ Activo
A15: 2 | B15: 17.666.777-8 | C15: ALBORNOZ CANALES, FELIPE IGNACIO | D15: Fonoaudiólogo/a | E15: 30 | F15: Profesional | G15: Subvención PIE | H15: Contrata | I15: Trastorno Específico del Lenguaje (TEL) | J15: Sesiones fonoaudiológicas | K15: ✓ Activo
A16: 3 | B16: 18.777.888-9 | C16: BASTÍAS MORALES, CONSTANZA DANIELA | D16: Terapeuta ocupacional | E16: 30 | F16: Profesional | G16: Subvención PIE | H16: Contrata | I16: Integración sensorial y autonomía escolar | J16: Terapia ocupacional sala PIE | K16: ✓ Activo
A17: 4 | B17: 15.888.999-0 | C17: CERDA FIGUEROA, MATÍAS EDUARDO | D17: Trabajador Social | E17: 44 | F17: Profesional | G17: SEP (Ley 20.248) | H17: Contrata | I17: Dupla Psicosocial, visitas domiciliarias y red | J17: Atención casos vulnerables | K17: ✓ Activo
A18: 5 | B18: 19.000.111-2 | C18: DONOSO SALGADO, CAMILA ALEJANDRA | D18: Asistente técnico de Educación Diferencial | E18: 44 | F18: Técnico | G18: Subvención PIE | H18: Contrata | I18: Apoyo en aula de recursos y materiales NEEP | J18: Acompañamiento en sala | K18: ✓ Activo
A19: SUBTOTAL HORAS PROFESIONALES DE APOYO | E19: =SUM(E14:E18) | F19: - | G19: - | H19: - | I19: - | J19: - | K19: ✓ 192 HRS EFECTIVAS

Sheet 6. Asistentes Educacion
A1: ASISTENTES DE LA EDUCACIÓN (LEY 21.109) – 17 CARGOS CANÓNICOS OFICIALES DEP
A2: RBD: 3887 - LICEO PUEBLO SECO | DESGLOSE POR VÍA DE FINANCIAMIENTO Y ESTAMENTO
A4: N° | B4: RUN / RUT | C4: Nombres y Apellidos | D4: Estamento Ley 21.109 | E4: Cargo Canónico DEP | F4: Hrs Contrato | G4: Subv. Gral Indef. | H4: Subv. Gral Plazo Fijo | I4: SEP Indef. | J4: SEP Plazo Fijo | K4: PIE | L4: Observaciones
A5: 1 | B5: 14.587.990-6 | C5: DÍAZ PUAS, LUISA ESTER | D5: Técnico | E5: Asistentes de aula | F5: 44 | G5: 44 | H5: 0 | I5: 0 | J5: 0 | K5: 0 | L5: Asistente de sala en 1° y 2° Básico.
A6: 2 | B6: 15.698.741-2 | C6: ESPINOZA RIVAS, MARGARITA ROSA | D6: Técnico | E6: Asistentes de aula | F6: 44 | G6: 44 | H6: 0 | I6: 0 | J6: 0 | K6: 0 | L6: Asistente en Educación Parvularia NT1 y NT2.
A7: 3 | B7: 11.874.521-3 | C7: FLORES VENEGAS, JOSÉ MIGUEL | D7: Administrativo | E7: Inspectores | F7: 44 | G7: 44 | H7: 0 | I7: 0 | J7: 0 | K7: 0 | L7: Inspector de patio y control de asistencia.
A8: 4 | B8: 12.985.632-4 | C8: GUTIÉRREZ MORA, PEDRO PABLO | D8: Administrativo | E8: Inspectores | F8: 44 | G8: 44 | H8: 0 | I8: 0 | J8: 0 | K8: 0 | L8: Inspector de patio enseñanza media.
A9: 5 | B9: 13.096.743-5 | C9: HERRERA BUSTOS, ANA MARÍA | D9: Administrativo | E9: Secretaria | F9: 44 | G9: 44 | H9: 0 | I9: 0 | J9: 0 | K9: 0 | L9: Secretaria de Dirección y atención público.
A10: 6 | B10: 14.107.854-6 | C10: INOSTROZA PARRA, CARMEN GLORIA | D10: Administrativo | E10: Administrativos | F10: 44 | G10: 0 | H10: 44 | I10: 0 | J10: 0 | K10: 0 | L10: Administrativa de finanzas y rendiciones.
A11: 7 | B11: 10.218.965-7 | C11: JIMÉNEZ SOTO, LUIS ALBERTO | D11: Auxiliar | E11: Auxiliares | F11: 44 | G11: 44 | H11: 0 | I11: 0 | J11: 0 | K11: 0 | L11: Auxiliar de aseo y servicios menores.
A12: 8 | B12: 11.329.076-8 | C12: LARA CIFUENTES, ROSA HERMINIA | D12: Auxiliar | E12: Auxiliares | F12: 44 | G12: 44 | H12: 0 | I12: 0 | J12: 0 | K12: 0 | L12: Auxiliar de aseo pabellón básica.
A13: 9 | B13: 12.430.187-9 | C13: MENDOZA ROJAS, MANUEL ANTONIO | D13: Auxiliar | E13: Auxiliares | F13: 44 | G13: 44 | H13: 0 | I13: 0 | J13: 0 | K13: 0 | L13: Auxiliar de aseo pabellón media.
A14: 10 | B14: 13.541.298-0 | C14: NÚÑEZ ALARCÓN, JUAN CARLOS | D14: Auxiliar | E14: Nocheros | F14: 44 | G14: 44 | H14: 0 | I14: 0 | J14: 0 | K14: 0 | L14: Cuidador nocturno y seguridad del recinto.
A15: 11 | B15: 14.652.309-1 | C15: ORTIZ PINO, FRANCISCO JAVIER | D15: Auxiliar | E15: Conductores Auxliar | F15: 44 | G15: 44 | H15: 0 | I15: 0 | J15: 0 | K15: 0 | L15: Conductor furgón transporte escolar rural.
A16: 12 | B16: 15.763.410-2 | C16: POBLETE VERA, MARCO AURELIO | D16: Auxiliar | E16: Maestros | F16: 44 | G16: 44 | H16: 0 | I16: 0 | J16: 0 | K16: 0 | L16: Maestro mantención infraestructura y gasfitería.
... A19: 15 | B19: 18.096.743-5 | C19: SANDOVAL BRAVO, MARÍA JOSÉ | D19: Técnico | E19: Asistente técnico de Educación Diferencial | F19: 44 | G19: 0 | H19: 0 | I19: 0 | J19: 0 | K19: 44 | L19: Técnico de apoyo diferencial aula PIE.
A20: TOTALES ASISTENTES DE LA EDUCACIÓN | F20: =SUM(F5:F19) | G20: =SUM(G5:G19) | H20: =SUM(H5:H19) | I20: =SUM(I5:I19) | J20: =SUM(J5:J19) | K20: =SUM(K5:K19) | L20: ✓ 660 HRS EFECTIVAS

Sheet 7. Parametros y Tablas
A1: PARÁMETROS NORMATIVOS Y TABLAS OFICIALES DE CONVERSIÓN MINEDUC (LEY 20.903)
A3: ASIGNATURAS MINEDUC | C3: 17 CARGOS CANÓNICOS DEP (AAEE) | E3: TABLA 60/40 (PARV. Y 1° CICLO) | F3: HRS AULA | H3: TABLA 65/35 (2° CICLO Y MEDIA) | I3: HRS AULA
A4: Educación Parvularia | C4: Inspectores | E4: 44 hrs contrato | F4: 26.4 | H4: 44 hrs contrato | I4: 28.6
A5: Lengua y Literatura | C5: Auxiliares | E5: 42 hrs contrato | F5: 25.2 | H5: 42 hrs contrato | I5: 27.3
A6: Matemática | C6: Psicólogo | E6: 40 hrs contrato | F6: 24 | H6: 40 hrs contrato | I6: 26
A7: Ciencias Naturales | C7: Trabajador Social | E7: 38 hrs contrato | F7: 22.8 | H7: 38 hrs contrato | I7: 24.7
A8: Historia, Geografía y Cs. Sociales | C8: Asistente social | E8: 36 hrs contrato | F8: 21.6 | H8: 36 hrs contrato | I8: 23.4
A9: Idioma Extranjero Inglés | C9: Kinesiólogo/a | E9: 34 hrs contrato | F9: 20.4 | H9: 34 hrs contrato | I9: 22.1
A10: Educación Física y Salud | C10: Fonoaudiólogo/a | E10: 32 hrs contrato | F10: 19.2 | H10: 32 hrs contrato | I10: 20.8
A11: Artes Visuales | C11: Terapeuta ocupacional | E11: 30 hrs contrato | F11: 18 | H11: 30 hrs contrato | I11: 19.5
A12: Música | C12: Asistente técnico de Educación Diferencial | E12: 28 hrs contrato | F12: 16.8 | H12: 28 hrs contrato | I12: 18.2
A13: Tecnología | C13: Asistentes de aula | E13: 26 hrs contrato | F13: 15.6 | H13: 26 hrs contrato | I13: 16.9
A14: Orientación | C14: Administrativos | E14: 24 hrs contrato | F14: 14.4 | H14: 24 hrs contrato | I14: 15.6
A15: Religión | C15: Conductores Auxliar | E15: 22 hrs contrato | F15: 13.2 | H15: 22 hrs contrato | I15: 14.3
A16: Filosofía | C16: Maestros
A17: Educación Ciudadana | C17: Enfermero/TENS/Asistente con capacitación
A18: Ciencias para la Ciudadanía | C18: Comunicaciones
A19: Diferenciado TP Agropecuaria | C19: Secretaria
A20: Talleres JECD Libre Disposición | C20: Nocheros
